0,Dapai
1,Yanhepai
2,Anxiangduyepai
3,Yagong
4,Xihaibang
5,Zihoahui
6,Shupai
7,Tusengong
8,Xigong
9,Huanjiao
10,Fenshabang
11,Tengyangjiao
12,Dihaijiao
13,Xiongmen
14,Yusenbang
15,Xiongshapai
16,Yundaogong
17,Heigong
18,Luyuangong
19,Hougong
20,Lianbang
21,Huomen
22,Niaohuagong
23,Xianganpai
24,Youmeihaigong
25,Tianshajiao
26,Tianbaojiao
27,Dadanhundungong
28,Wuxingzhengyipai
29,Qingshapai
30,Honghehui
31,Shenmihaimen
32,Hanhepai
33,Ruogong
34,Wuxingshagong
35,Changgong
36,Leihaimen
37,Huodaopai
38,Baihegong
39,Puhui
40,Ningjingshejiao
41,Yanhupai
42,Xionganjiao
43,Huolihaihui
44,Heimenbang
45,Xihui
46,Landuyejiao
47,Yanbang
48,Zijinghui
49,Dahui
50,Duhui
51,Tianhepai
52,Dipai
53,Huolihui
54,Doujiao
55,Gugong
56,Huangnaixinpai
57,Guyuanpai
58,Qiubang
59,Chonghui
60,Caobang
61,Hexiedaomen
62,Yonggandaobang
63,Wanhebang
64,Kaimingbang
65,Guoanpai
66,Xiaojiao
67,Shihaibang
68,Tianshanbang
69,Yingpai
70,Changanbang
71,Tiananjiao
72,Xiebang
73,Yanyunpai
74,Shenmishanjiao
75,Anwangzuojiao
76,Houhaigong
77,Yongqimen
78,Zhuhui
79,Heijiao
80,Yuanjiao
81,Shengangong
82,Huanfengboamen
83,Dabang
84,Wanhaihui
85,Yuhui
86,Liuhundunpai
87,Juanxuanbang
88,Nianjiao
89,Yongqidaopai
90,Kaimingyanhui
91,Shegong
92,Xiesenbang
93,Dubang
94,Hemenmen
95,Yunhaipai
96,Qianghexiepai
97,Mudaohui